costid,flightID,fuel_cost,crew_salary,turnaround_cost
1,01JP7Q3EMY876TT2CCTRKJMHT8,14000.0,1475.0,2250.0
2,01JP7Q3ENCNX1JW8M6WF4M14P7,3000.0,795.0,1750.0
3,01JP7Q3ENEP1NT89JRBBDKNRRM,44000.0,6820.0,6500.0
4,01JP7Q3ENGKC7RM67RTH09R1EY,48000.0,7800.0,7000.0
5,01JP7Q3ENJGNMSQDGBNZKKMNV7,14000.0,3290.0,4500.0
6,01JP7Q3ENNKADTZNZ1X9H1P47B,22000.0,6160.0,6500.0
7,01JP7Q3ENQ69M5W62FG1R5NJX5,56000.0,4700.0,6000.0
8,01JP7Q3ENS643MZ3YXFZ37BY26,3000.0,660.0,1750.0
9,01JP7Q3ENW6TX2CZ7FXS73E4QY,18000.0,5580.0,5500.0
10,01JP7Q3ENYS74Q3B6V055C1DJ9,61600.0,8140.0,6500.0
11,01JP7Q3EP0AKY59A1P2HZ1Q7MD,14000.0,3500.0,4500.0
12,01JP7Q3EP188W6G5B7X7XDW0DC,6000.0,795.0,1750.0
13,01JP7Q3EP3V3Z8KH3VMC9Q7Z1F,67200.0,3500.0,4500.0
14,01JP7Q3EP5BG098QMCHD4Y47A3,115200.0,7080.0,7000.0
15,01JP7Q3EP6GGBAQC4F5FQJ1HFH,22400.0,2600.0,3000.0
16,01JP7Q3EP8BA9GKHFD1J88RJEF,39200.0,3920.0,4500.0
17,01JP7Q3EPAHYXDP08KHQWBHBTD,14000.0,4340.0,4500.0
18,01JP7Q3EPB5AWT204BFMJH0H1M,16000.0,2360.0,3000.0
19,01JP7Q3EPDGCWF1PZ65FKK2CVT,50400.0,6660.0,5500.0
20,01JP7Q3EPFE3ZTX5BZG70WKDDN,14000.0,3290.0,4500.0
21,01JP7Q3EPH09HXKWA2EN14P172,22000.0,5500.0,6500.0
22,01JP7Q3EPJE8KG58R9YPJAWFKH,28000.0,4970.0,4500.0
23,01JP7Q3EPMGJYQR5B7FC439TR3,6000.0,1020.0,1750.0
24,01JP7Q3EPNJY6AXXR75QMYE4KW,24000.0,1100.0,2250.0
25,01JP7Q3EPRECJ22HEEJ6R38DVM,14400.0,1065.0,1750.0
26,01JP7Q3EPSS4R866X3Q47M6Z15,115200.0,7800.0,7000.0
27,01JP7Q3EPV88RZXPPAKC592QW1,96000.0,4400.0,6000.0
28,01JP7Q3EPXEVDSXDHS2JV5TJ9G,18000.0,6120.0,5500.0
29,01JP7Q3EQ0JKB0G64X7BD5ZRRT,67200.0,4550.0,4500.0
30,01JP7Q3EQ2Q23V43WZR26ZNWM6,44000.0,7810.0,6500.0
31,01JP7Q3EQ4BD4Y385H65V336WX,20000.0,4700.0,6000.0
32,01JP7Q3EQ62CPZRV8AVPHJHSD7,28000.0,4970.0,4500.0
33,01JP7Q3EQ7HPC31J2ABEW92FPS,50400.0,5580.0,5500.0
34,01JP7Q3EQ9C4PYX7XCJVSHED3X,5000.0,1175.0,2250.0
35,01JP7Q3EQBHGKSAY4CRE6ZSQ48,61600.0,5170.0,6500.0
36,01JP7Q3EQDKZCJM3ASCX7TFZCR,24000.0,1175.0,2250.0
37,01JP7Q3EQEMBKCB7PNP9TAF7W2,40000.0,5300.0,6000.0
38,01JP7Q3EQGD3E297VF3F3QZRHR,115200.0,5280.0,7000.0
39,01JP7Q3EQH5EJKWC7RZC0ZA4F6,61600.0,6820.0,6500.0
40,01JP7Q3EQKES72M7QD788JPWTN,6000.0,750.0,1750.0
41,01JP7Q3EQPT6T79MBHX0Y32CRB,14400.0,795.0,1750.0
42,01JP7Q3EQSCF3547VAVGWQQ38R,96000.0,4700.0,6000.0
43,01JP7Q3EQT0M4F0JT0Z0NDWCDP,44000.0,7480.0,6500.0
44,01JP7Q3EQWB5QKPPQJFD1XYE9M,14000.0,3920.0,4500.0
45,01JP7Q3EQYAATDKNWRY7J1BVJH,56000.0,5900.0,6000.0
46,01JP7Q3ER0YK0JPKYXEXB4QDEQ,57600.0,3720.0,4000.0
47,01JP7Q3ER1ZFWEY609TWR75YET,24000.0,1850.0,2250.0
48,01JP7Q3ER3ZKRBR5R0R31STS25,86400.0,5310.0,5500.0
49,01JP7Q3ER5D8QPAPVX9PA96M4N,22000.0,7810.0,6500.0
50,01JP7Q3ER6B4XV6BTD4T33MJMT,14000.0,1325.0,2250.0
51,01JP7Q3ER8G8Y1KYYMP3531W5S,50400.0,5040.0,5500.0
52,01JP7Q3ERAKNS87PK9WWS05AC2,14400.0,660.0,1750.0
53,01JP7Q3ERBQCH233N5WBVJXZY0,20000.0,4400.0,6000.0
54,01JP7Q3ERDZVHN2SXJH3G0Y9J9,50400.0,4770.0,5500.0
55,01JP7Q3ERF1QN5MNZRCRSTZ8AZ,33600.0,2820.0,4000.0
56,01JP7Q3ERG6MRXP9652KW2NMN6,39200.0,3500.0,4500.0
57,01JP7Q3ERJMFHEGZN91HFH0ERY,6000.0,885.0,1750.0
58,01JP7Q3ERKNQ9HY1R384FNHQ24,56000.0,5600.0,6000.0
59,01JP7Q3ERNV2HXQ8KFBMCYX6JH,36000.0,6120.0,5500.0
60,01JP7Q3ERPXSJB8DA68GHM2G3B,22000.0,7810.0,6500.0
61,01JP7Q3ERR4K9QHA1KVNGCPED8,14000.0,3080.0,4500.0
62,01JP7Q3ERSZRZSPW601WDCZYKR,50400.0,6660.0,5500.0
63,01JP7Q3ERWZ9W1NFZ4BVCNF51G,38400.0,2600.0,3000.0
64,01JP7Q3ERY9754VA9GS68DWVMK,86400.0,5850.0,5500.0
65,01JP7Q3ERZG1KYK01XBEHAG2CS,28000.0,3500.0,4500.0
66,01JP7Q3ES10R2TDNR21K4A2A8K,39200.0,4970.0,4500.0
67,01JP7Q3ES2J07XHB40W26BQA82,22000.0,5170.0,6500.0
68,01JP7Q3ES4NFEKY2ZD6PE24MJS,48000.0,6720.0,7000.0
69,01JP7Q3ES6B45YCCG9W82C10F4,39200.0,4130.0,4500.0
70,01JP7Q3ES87E9YFHC08GX8QHZV,67200.0,3920.0,4500.0
71,01JP7Q3ESA856ZYG59SMHHNPW5,14400.0,885.0,1750.0
72,01JP7Q3ESC49QGVX7N1K2DZH76,44000.0,5500.0,6500.0
73,01JP7Q3ESDN69E0DPBP20N840H,6000.0,1020.0,1750.0
74,01JP7Q3ESFKX0HMDYW8XPJEJPC,40000.0,5300.0,6000.0
75,01JP7Q3ESG0609VZE1K1BZH75X,22000.0,5500.0,6500.0
76,01JP7Q3ESHZ2JT52E7Z76GN8GQ,40000.0,5000.0,6000.0
77,01JP7Q3ESK2VEKMZSPC0FH8C6P,24000.0,1775.0,2250.0
78,01JP7Q3ESMZ0587DDK8JJJYP2F,56000.0,4700.0,6000.0
79,01JP7Q3ESP2K68ZAHY0FRA92WJ,16000.0,2720.0,3000.0
80,01JP7Q3ESQ826FZ34M6WEXBHSR,50400.0,5850.0,5500.0
81,01JP7Q3ESSYRMET11QA7KD6XH2,8400.0,930.0,1750.0
82,01JP7Q3ESVQ35ZYB4MMKFGYFH9,105600.0,6490.0,6500.0
83,01JP7Q3ESXH3093VHF0SBKHBV1,3000.0,795.0,1750.0
84,01JP7Q3ESYW12KQHKSHCSTBWMA,86400.0,5850.0,5500.0
85,01JP7Q3ET0S1ANPE83X16ENJND,50400.0,4770.0,5500.0
86,01JP7Q3ET1QDY0DNPBZVEN4NT8,20000.0,6800.0,6000.0
87,01JP7Q3ET392K14HDKD6FJ19S3,67200.0,4760.0,4500.0
88,01JP7Q3ET4S9H5H7GK1HQ1K9WN,5000.0,1850.0,2250.0
89,01JP7Q3ET6YME3Z4VJY97Y60GF,6000.0,1110.0,1750.0
90,01JP7Q3ET712Q2KCP8ZFQV59SX,3000.0,795.0,1750.0
91,01JP7Q3ET9KMSV4TW2TSRPH2H9,8400.0,930.0,1750.0
92,01JP7Q3ETCQGB1PDXCNAD79FVZ,67200.0,6000.0,7000.0
93,01JP7Q3ETE0VEG7BF77APB6GN2,115200.0,8880.0,7000.0
94,01JP7Q3ETHPEJSQJ9PSAPDHJ4N,56000.0,6200.0,6000.0
95,01JP7Q3ETM95NPVG4AFAZVJ6W2,16000.0,2360.0,3000.0
96,01JP7Q3ETQA3A63VPYG0R2WX3R,24000.0,8880.0,7000.0
97,01JP7Q3ETT56PWE55JYFCF0QHD,40000.0,5000.0,6000.0
98,01JP7Q3ETWVPXZAWQ6NG2C4T2H,28000.0,3500.0,4500.0
99,01JP7Q3ETX9W0VK979YSRR497W,33600.0,3540.0,4000.0
100,01JP7Q3EV0810QQES5CFBNBEQ9,39200.0,5180.0,4500.0
101,01JP7Q3EV25X89DMZMVSYVRH6R,115200.0,7080.0,7000.0
102,01JP7Q3EV6ZT0AV7M1TZCXK2V3,36000.0,5310.0,5500.0
103,01JP7Q3EV8G9MGGKQSCTRXCKD4,18000.0,4500.0,5500.0
104,01JP7Q3EVARGJSGR29M8MNE4BT,10000.0,1475.0,2250.0
105,01JP7Q3EVCQ9TRYVCSC0ZYWPSC,39200.0,3080.0,4500.0
106,01JP7Q3EVE1ECFF5RGTB0RTK60,6000.0,975.0,1750.0
107,01JP7Q3EVGE1Y6R21XV625N8FR,10000.0,1325.0,2250.0
108,01JP7Q3EVK79BT1FD6649F0G02,3000.0,750.0,1750.0
109,01JP7Q3EVPYSNW3SNZ8JTCY55D,56000.0,5600.0,6000.0
110,01JP7Q3EVQHHS0TDR7QZE6TY3X,44000.0,8140.0,6500.0
111,01JP7Q3EVSJRDHGBNNCWJ16D9P,44000.0,6820.0,6500.0
112,01JP7Q3EVT7ACQKRQ4SND1SRAK,28000.0,4340.0,4500.0
113,01JP7Q3EVW73HCBXR2PSC286DZ,67200.0,7800.0,7000.0
114,01JP7Q3EVX9XB023CV1NZ7T9VR,67200.0,3500.0,4500.0
115,01JP7Q3EVYY4H4XACR5E9GMAD6,22400.0,2240.0,3000.0
116,01JP7Q3EW0FGNT4CAMTCE3CB2H,56000.0,7100.0,6000.0
117,01JP7Q3EW1Y786XSADX4RV7WA1,39200.0,4760.0,4500.0
118,01JP7Q3EW3BJYFMG9VB4HTKP8Z,39200.0,3500.0,4500.0
119,01JP7Q3EW5KKWT67ZYVQS24ND6,67200.0,7800.0,7000.0
120,01JP7Q3EW66A0DPNQVHF07BN27,24000.0,1850.0,2250.0
121,01JP7Q3EW7TKSFYWT3WEHGQSAX,38400.0,2600.0,3000.0
122,01JP7Q3EWA5ANNTC7T621AM6YV,61600.0,5500.0,6500.0
123,01JP7Q3EWC58TM8R44SGBQKJ0A,28000.0,3500.0,4500.0
124,01JP7Q3EWECX7STB7KKSR8M9A9,38400.0,2120.0,3000.0
125,01JP7Q3EWHX1T1X4ZRAJ5BA41V,16000.0,2600.0,3000.0
126,01JP7Q3EWM7SN9PQWVET49S8K8,28000.0,4970.0,4500.0
127,01JP7Q3EWQXPZ6T5DGBSTJQWSS,44000.0,7150.0,6500.0
128,01JP7Q3EWTCH5K4DRDQSDSY297,67200.0,3500.0,4500.0
129,01JP7Q3EWW56H8P9Q7EK8PG2MF,10000.0,1850.0,2250.0
130,01JP7Q3EWZF65YT3MMKZHJ3EF3,14000.0,3500.0,4500.0
131,01JP7Q3EX28GC4NC3YBA8E4Y5B,24000.0,4260.0,4000.0
132,01JP7Q3EX5FZJQGBZYFWFXASND,14000.0,1250.0,2250.0
133,01JP7Q3EX7K1R8SBBTHKK0Y3TZ,50400.0,4500.0,5500.0
134,01JP7Q3EXAN2MV1BJ1YAK7ND3W,16000.0,2000.0,3000.0
135,01JP7Q3EXCW462V4DXKSESFJ5G,105600.0,8140.0,6500.0
136,01JP7Q3EXDPF3DZXVR3NVP4BMH,14000.0,3500.0,4500.0
137,01JP7Q3EXG85E3MRCZ71VFX8TZ,36000.0,5310.0,5500.0
138,01JP7Q3EXH19R6FWKQ528R6DVZ,3000.0,795.0,1750.0
139,01JP7Q3EXK1A59RRQXJCHMYWPA,12000.0,3540.0,4000.0
140,01JP7Q3EXPGFWFC9GHWBWEN221,22000.0,6490.0,6500.0
141,01JP7Q3EXS122MGZGKY78VQET0,8400.0,1020.0,1750.0
142,01JP7Q3EXV958VAK585H0ZK01H,96000.0,5000.0,6000.0
143,01JP7Q3EXY9ACRBG783P4NBZCC,6000.0,975.0,1750.0
144,01JP7Q3EY083CCW9TVKWAC6KB0,14400.0,1020.0,1750.0
145,01JP7Q3EY3HCQ5290VDR1RSEJP,22400.0,2240.0,3000.0
146,01JP7Q3EY5HDZJ01DZ56YC9D39,5000.0,1625.0,2250.0
147,01JP7Q3EY8XHDGPQTB45WEPA0Z,44000.0,6160.0,6500.0
148,01JP7Q3EYBCQR4Z4JC4TSP2WEZ,28000.0,3080.0,4500.0
149,01JP7Q3EYEDDQJ1H5NJE49FQXC,5000.0,1550.0,2250.0
150,01JP7Q3EYGWZEC26QJQB6EBFXX,50400.0,3960.0,5500.0
151,01JP7Q3EYJ0VCBSANG6BKSYEWB,6000.0,1065.0,1750.0
152,01JP7Q3EYN4JWSSBNKSGZ06W6V,5000.0,1325.0,2250.0
153,01JP7Q3EYQ7BS9M7RZA4MV0KNV,5000.0,1250.0,2250.0
154,01JP7Q3EYTAJC591JJRMR792BH,67200.0,4970.0,4500.0
155,01JP7Q3EYXS4K5SEPHEPAJMT96,28000.0,4760.0,4500.0
156,01JP7Q3EZ090B760X1SR213CPY,61600.0,6490.0,6500.0
157,01JP7Q3EZ2BD01NMNBV2E0A7X9,24000.0,1325.0,2250.0
158,01JP7Q3EZ4C7TSZYCTX2J3HXZ2,67200.0,7800.0,7000.0
159,01JP7Q3EZ6DQAD82B03G8597QA,33600.0,4440.0,4000.0
160,01JP7Q3EZ9C3EWW2Y1A184EPFZ,38400.0,1760.0,3000.0
161,01JP7Q3EZB7X03BW0AVAMFBYR6,6000.0,885.0,1750.0
162,01JP7Q3EZD0NXCRAEPEXXYT9ST,18000.0,6390.0,5500.0
163,01JP7Q3EZFSJM36D6NX144QZ88,5000.0,1475.0,2250.0
164,01JP7Q3EZHB988D18JXWF0293K,39200.0,3920.0,4500.0
165,01JP7Q3EZKF6ZZBK6Q1R9DMHS5,40000.0,4400.0,6000.0
166,01JP7Q3EZP9NYCTZR2AATDE1CW,28000.0,4340.0,4500.0
167,01JP7Q3EZRJ0YV7SM6YRF0Z75B,36000.0,6390.0,5500.0
168,01JP7Q3EZT4XPAGT2HYW675QB0,3000.0,750.0,1750.0
169,01JP7Q3EZW2GH1SRV4N7HNPJ8F,6000.0,795.0,1750.0
170,01JP7Q3EZYGMEBH11EYM0YQAS0,36000.0,6660.0,5500.0
171,01JP7Q3F015PKWE8GWTH34HF7X,105600.0,5500.0,6500.0
172,01JP7Q3F032ZMC58EZNKA4C2ZJ,14000.0,1400.0,2250.0
173,01JP7Q3F06F0EGJ5HTFYZM6NYG,22000.0,5500.0,6500.0
174,01JP7Q3F085DS92EX1EQ86JP71,8400.0,885.0,1750.0
175,01JP7Q3F0AAWGMVBG1FVQ473CG,22400.0,1760.0,3000.0
176,01JP7Q3F0DQGFRKFTCFQ7TGMDE,67200.0,8880.0,7000.0
177,01JP7Q3F0G14915XH5CESQRYFK,10000.0,1175.0,2250.0
178,01JP7Q3F0JGDQ1VGH86RFGXGHB,18000.0,4500.0,5500.0
179,01JP7Q3F0NAB4VSNVE6135PX6S,10000.0,1100.0,2250.0
180,01JP7Q3F0QKDSND3SR0X09J2P8,44000.0,7150.0,6500.0
181,01JP7Q3F0T5X0E26VPVBPP9WVR,14400.0,930.0,1750.0
182,01JP7Q3F0XT8GRY96WTBV9XRC8,56000.0,5000.0,6000.0
183,01JP7Q3F0Z5ZY82X8BMRPTEFQ0,20000.0,7400.0,6000.0
184,01JP7Q3F12ZKKX8854TV36HKG0,40000.0,5000.0,6000.0
185,01JP7Q3F1482THRGP2VY0Q73GB,5000.0,1250.0,2250.0
186,01JP7Q3F16G337E87H4VW8XAM8,61600.0,4840.0,6500.0
187,01JP7Q3F18TQ1Q7EX4XM0MK155,14000.0,4760.0,4500.0
188,01JP7Q3F1B63H3SHK4PPF6JV9G,24000.0,3360.0,4000.0
189,01JP7Q3F1DYYDMAPS3QFZ3MJYG,22000.0,7480.0,6500.0
190,01JP7Q3F1E6D710TKD2MZMGJ5R,24000.0,6000.0,7000.0
191,01JP7Q3F1HC7RBA1HM0VH58KZK,40000.0,7400.0,6000.0
192,01JP7Q3F1KN0RHZ7A8WPTY4670,39200.0,3920.0,4500.0
193,01JP7Q3F1MJ54HGSHX19WQ8FCM,22000.0,5500.0,6500.0
194,01JP7Q3F1P21NPR00Q234BPR3T,38400.0,2000.0,3000.0
195,01JP7Q3F1QK0MJK3VP79SDDDTK,3000.0,660.0,1750.0
196,01JP7Q3F1ST2S37PKT7EJY7ZSN,57600.0,3360.0,4000.0
197,01JP7Q3F1WQBEQAG6BPN9W3PH6,96000.0,4400.0,6000.0
198,01JP7Q3F1XBBVQ86KNJZ8WCGW6,20000.0,7100.0,6000.0
199,01JP7Q3F1Z3ZX9FE2DC1KJX8V4,14000.0,1625.0,2250.0
200,01JP7Q3F20C790SWZ4922B0VEY,44000.0,7480.0,6500.0
201,01JP7Q3F2PC1DMNSBNWHTJ3DX2,14000.0,1700.0,2250.0
202,01JP7Q3F2S64W78MYSM0DYDA3N,14000.0,1550.0,2250.0
203,01JP7Q3F2TAKW1QW4Y4FFREWB6,40000.0,7400.0,6000.0
204,01JP7Q3F2W8KZT6PGTNHHHJE8X,16000.0,1880.0,3000.0
205,01JP7Q3F2XC0W86KZPEDW0TPR6,10000.0,1325.0,2250.0
206,01JP7Q3F2ZSWJGJQ6A74D29PQ0,56000.0,4700.0,6000.0
207,01JP7Q3F31QQPVHJBJM52G5BQ9,57600.0,3900.0,4000.0
208,01JP7Q3F33BEF8YDR884FWJ5B7,28000.0,3080.0,4500.0
209,01JP7Q3F35M4MX0FMSD4BZZS93,24000.0,7080.0,7000.0
210,01JP7Q3F369Y2ZE5PYCW5VJEDH,8400.0,1065.0,1750.0
211,01JP7Q3F39M7EJYBV2CJPTY0KF,105600.0,7150.0,6500.0
212,01JP7Q3F3BC6ARS2CRPT2SW4JD,44000.0,6160.0,6500.0
213,01JP7Q3F3D2ECW494EY3M9CB0Z,14000.0,1100.0,2250.0
214,01JP7Q3F3EHXX805N0ZJ2NXV54,5000.0,1175.0,2250.0
215,01JP7Q3F3FYCYSCKSA2682ZTKH,24000.0,1100.0,2250.0
216,01JP7Q3F3HR9PFHH4ATYFP9WYP,14000.0,1475.0,2250.0
217,01JP7Q3F3M40TF4FWDCFK8SJ0M,105600.0,6490.0,6500.0
218,01JP7Q3F3QZZNCDG3JB3VTA9F4,61600.0,7810.0,6500.0
219,01JP7Q3F3SNBFBVC5B94QNYXC5,6000.0,885.0,1750.0
220,01JP7Q3F3VZM6ATYKETBPNCWCQ,16000.0,2720.0,3000.0
221,01JP7Q3F3XSVXMBCH599P14Z64,6000.0,975.0,1750.0
222,01JP7Q3F3Y8YKWRF8Q9DS3VJ1P,40000.0,7100.0,6000.0
223,01JP7Q3F4020Q6JH5KVR4ZNF17,10000.0,1850.0,2250.0
224,01JP7Q3F42B28KPA3SR6P682D6,44000.0,5500.0,6500.0
225,01JP7Q3F45CG3K4T6YBMATQY1F,14400.0,1065.0,1750.0
226,01JP7Q3F46FRFYAP87HPJ3BYRE,12000.0,4440.0,4000.0
227,01JP7Q3F499P2DXMNHJECKQV2R,24000.0,1550.0,2250.0
228,01JP7Q3F4CT32VER21X4XV1W2D,40000.0,5600.0,6000.0
229,01JP7Q3F4EDW1PSKG6TDHN70NY,39200.0,4970.0,4500.0
230,01JP7Q3F4GV1EZKCCAT3MWJEGF,14400.0,1020.0,1750.0
231,01JP7Q3F4KXANF0302ZDEJKVR3,24000.0,8520.0,7000.0
232,01JP7Q3F4NTPSTKK4KFJ4A8Q3F,115200.0,6720.0,7000.0
233,01JP7Q3F4QG8WZ459J77T6HBHZ,36000.0,6120.0,5500.0
234,01JP7Q3F4SYEJCG0KC95ESBGN6,14000.0,1325.0,2250.0
235,01JP7Q3F4VKQD1EVJWR8V42N1X,14000.0,1175.0,2250.0
236,01JP7Q3F4X69V3WKP6PT6HE2TE,44000.0,5830.0,6500.0
237,01JP7Q3F4Z49GB11HRAH3YKX8W,105600.0,5830.0,6500.0
238,01JP7Q3F52699VXT43QKTZXZDJ,14000.0,4970.0,4500.0
239,01JP7Q3F53GZ3NCDNJ8S815Q7K,56000.0,4700.0,6000.0
240,01JP7Q3F560DQS8A9YFHQVPHRR,14000.0,5180.0,4500.0
241,01JP7Q3F584TME4SF1FNTXNYX7,38400.0,2600.0,3000.0
242,01JP7Q3F5AP4MWSG72Z5KKPYT7,14400.0,795.0,1750.0
243,01JP7Q3F5BGZVG817V3DXAG6B9,10000.0,1100.0,2250.0
244,01JP7Q3F5DR8N00KC4ESFGSVSZ,22000.0,6820.0,6500.0
245,01JP7Q3F5F993P02VNQ8Y0ECZ5,50400.0,6120.0,5500.0
246,01JP7Q3F5H2Z1MAMXKDAAFGCR8,67200.0,4970.0,4500.0
247,01JP7Q3F5K26JAKRFCSYRHG6CA,10000.0,1100.0,2250.0
248,01JP7Q3F5MHR1J950QKSJ8P28H,50400.0,4230.0,5500.0
249,01JP7Q3F5PN02C0YX1THMWY74H,96000.0,6200.0,6000.0
250,01JP7Q3F5R31Z0D6ZVZ8J68KTG,36000.0,5850.0,5500.0
251,01JP7Q3F5SHXD1X7SYBY4FCK2N,56000.0,5000.0,6000.0
252,01JP7Q3F5VB3DXB8ZYGDEGMRQJ,22000.0,7150.0,6500.0
253,01JP7Q3F5X93WCGN0N621FNX6H,14000.0,5180.0,4500.0
254,01JP7Q3F5ZPXE1SGFP4JETZXY6,38400.0,2000.0,3000.0
255,01JP7Q3F62H9JVGTEN58VW6N2V,67200.0,3920.0,4500.0
256,01JP7Q3F65QQ4KP3ZGNHFH5TM5,44000.0,5500.0,6500.0
257,01JP7Q3F67TBSDPHEYHGTWP0Y6,8400.0,1065.0,1750.0
258,01JP7Q3F692W0BTT7KTVD46P44,115200.0,7800.0,7000.0
259,01JP7Q3F6C8Y83YKWGH6VDD9WD,86400.0,5040.0,5500.0
260,01JP7Q3F6FPQJVW7KJ1GR96G8C,67200.0,4340.0,4500.0
261,01JP7Q3F6JMA69SEQGQQAH6WJ2,39200.0,3080.0,4500.0
262,01JP7Q3F6NGYGGEFGJQ7FR37N8,14400.0,930.0,1750.0
263,01JP7Q3F6PM2C0JD8TZ963W46V,14400.0,1110.0,1750.0
264,01JP7Q3F6RXCHGEREVSDRXD30W,28000.0,4130.0,4500.0
265,01JP7Q3F6VTKNRRAAARAZJ093X,14000.0,4550.0,4500.0
266,01JP7Q3F6X8CKZFCTFW60XABN3,40000.0,4700.0,6000.0
267,01JP7Q3F6ZZ395TSTRXXR14YHM,28000.0,3080.0,4500.0
268,01JP7Q3F71XE4S19XQE294D14D,18000.0,5310.0,5500.0
269,01JP7Q3F73EWK31A62DEFAGJJF,48000.0,8160.0,7000.0
270,01JP7Q3F7598WQRZXCDE0GPV11,50400.0,5040.0,5500.0
271,01JP7Q3F77H3EP4ZRW0DZT2KPK,67200.0,4340.0,4500.0
272,01JP7Q3F79SHWQ7XGC0P5V68DK,6000.0,885.0,1750.0
273,01JP7Q3F7APF80K8NHH3FJR794,67200.0,4550.0,4500.0
274,01JP7Q3F7CATZ0R95G445M5T2T,28000.0,4970.0,4500.0
275,01JP7Q3F7D5AHTMCKAF5PJQ3EK,67200.0,4130.0,4500.0
276,01JP7Q3F7FRJVW1H4S5J8S05RB,44000.0,5170.0,6500.0
277,01JP7Q3F7H19575BWT6FZSG8E4,39200.0,3710.0,4500.0
278,01JP7Q3F7JEDPRTAZNXWQEYR9D,28000.0,4130.0,4500.0
279,01JP7Q3F7MMG0X44FYTRGGY2VC,14400.0,885.0,1750.0
280,01JP7Q3F7PE0RCZF7YWD2HW008,50400.0,3960.0,5500.0
281,01JP7Q3F7R3ABRK8GYAHTGJ4QN,48000.0,7440.0,7000.0
282,01JP7Q3F7VFQDWYH1YK3SV2AXV,22000.0,4840.0,6500.0
283,01JP7Q3F7X033C1G355846KG1Y,28000.0,4340.0,4500.0
284,01JP7Q3F7YVH0DDPC5FG0TARQ7,56000.0,6800.0,6000.0
285,01JP7Q3F80A4RTNW1SJ3P9E6EK,14000.0,3710.0,4500.0
286,01JP7Q3F82HDRM2V7DGRBFE83F,14400.0,1110.0,1750.0
287,01JP7Q3F83PRF1TSGBNHBECDY7,10000.0,1175.0,2250.0
288,01JP7Q3F85EQX2NAHZEP0NXN0P,22000.0,7150.0,6500.0
289,01JP7Q3F87B3NV1JCEFJ9YGQXQ,8400.0,1110.0,1750.0
290,01JP7Q3F88V07J34NPSV8KGBDA,38400.0,2360.0,3000.0
291,01JP7Q3F8ARFXKGFKJCK2NJD4Z,14000.0,1775.0,2250.0
292,01JP7Q3F8BHM3PE5XMSQT6BYYP,44000.0,6160.0,6500.0
293,01JP7Q3F8D7XR0CWYES1RNFHXN,40000.0,5300.0,6000.0
294,01JP7Q3F8F90YMCAD434ZD6JCV,5000.0,1850.0,2250.0
295,01JP7Q3F8HC748NEQSMCPJDZKB,24000.0,8880.0,7000.0
296,01JP7Q3F8JY4NSJ5N8BFA9N8SN,6000.0,1110.0,1750.0
297,01JP7Q3F8MG04AGY9EJNX580VV,61600.0,5500.0,6500.0
298,01JP7Q3F8NP31DRHCJ7SCA83TJ,28000.0,3080.0,4500.0
299,01JP7Q3F8QTRQ69FDBBDQ9EDEZ,28000.0,3920.0,4500.0
300,01JP7Q3F8SXB8MH6FW7ZCQBMGV,36000.0,3960.0,5500.0
301,01JP7Q3F8VBFNNV6DDSFSMZ3BV,39200.0,4550.0,4500.0
302,01JP7Q3F8YEA3GZ7M7CW0ZEQ8A,10000.0,1775.0,2250.0
303,01JP7Q3F91Q4PN77Q194DXAPN1,5000.0,1100.0,2250.0
304,01JP7Q3F92G13ZRSDB7J8EHXC3,22400.0,2480.0,3000.0
305,01JP7Q3F94QPHNVV195ZQ5PABS,40000.0,4400.0,6000.0
306,01JP7Q3F956M57AJS45SQB0VKV,14000.0,4340.0,4500.0
307,01JP7Q3F97D5YVYCQ886MQJJP4,6000.0,750.0,1750.0
308,01JP7Q3F99YYT2Q4AP0QJ2P8M3,39200.0,3290.0,4500.0
309,01JP7Q3F9A60TPN2WW3TA09XE3,36000.0,3960.0,5500.0
310,01JP7Q3F9C307CYNK7V1KBMEFR,8400.0,1110.0,1750.0
311,01JP7Q3F9DBM57RZVFMD1SB34M,14400.0,930.0,1750.0
312,01JP7Q3F9GHHV6R7DX8VX2PMW6,24000.0,1625.0,2250.0
313,01JP7Q3F9KHKQF7HYXT05WPVBS,39200.0,3920.0,4500.0
314,01JP7Q3F9PF4RAP0P2061Y7QHP,14400.0,840.0,1750.0
315,01JP7Q3F9QEPFMQY00AN8BMKVD,39200.0,5180.0,4500.0
316,01JP7Q3F9SN38PG544CS359B4B,39200.0,3920.0,4500.0
317,01JP7Q3F9V3CTH6QEDJ7BZZG9N,10000.0,1850.0,2250.0
318,01JP7Q3F9W8KJE7HM49FJAZE7H,3000.0,705.0,1750.0
319,01JP7Q3F9YFNHPGQA4S8BR9ZM7,24000.0,6720.0,7000.0
320,01JP7Q3F9ZSJBT76YYC5K8AP6T,24000.0,5280.0,7000.0
321,01JP7Q3FA1JVHD6MFNAVSD2M2G,86400.0,6390.0,5500.0
322,01JP7Q3FA2VM6Q8S2VXQ9KF4DC,28000.0,4130.0,4500.0
323,01JP7Q3FA4NZFWB65K61R7VBW8,22000.0,8140.0,6500.0
324,01JP7Q3FA6SDAXY5ZZ8D8S7SDW,44000.0,5500.0,6500.0
325,01JP7Q3FA8XETG4A75THNQGY77,22400.0,2600.0,3000.0
326,01JP7Q3FAA9CP6E9S639NBWPN4,24000.0,1475.0,2250.0
327,01JP7Q3FAB89972J4P9HSG0RWN,22000.0,4840.0,6500.0
328,01JP7Q3FADEWXWQMTYHZ27R8W9,16000.0,2360.0,3000.0
329,01JP7Q3FAEVXMMGA12VPRP6CZB,57600.0,3720.0,4000.0
330,01JP7Q3FAGZMBE2QNCRAEKRCV0,6000.0,975.0,1750.0
331,01JP7Q3FAJ4VTJ3M54E9VTBRZN,24000.0,3540.0,4000.0
332,01JP7Q3FAKQ6DEAGSQM2JRM07R,33600.0,3360.0,4000.0
333,01JP7Q3FANW36BX739WF70QQ5Z,105600.0,4840.0,6500.0
334,01JP7Q3FAQ5YF84MCVX5BW0E0E,14400.0,885.0,1750.0
335,01JP7Q3FASS93RYBX80SJ1F04Z,67200.0,4760.0,4500.0
336,01JP7Q3FATRGWWKKMN37HG255R,44000.0,6820.0,6500.0
337,01JP7Q3FAVV5J5PM2FYWFRM6QS,14400.0,1020.0,1750.0
338,01JP7Q3FAXQS78MVFKHNJR04J4,8400.0,1110.0,1750.0
339,01JP7Q3FAZS8E3K04CV054R35K,8400.0,750.0,1750.0
340,01JP7Q3FB02BD5ATF380VHQEJ0,14000.0,4340.0,4500.0
341,01JP7Q3FB2HS76Q1HEA6T6FP99,86400.0,5850.0,5500.0
342,01JP7Q3FB3KQ2NCVCTYWYEN5YZ,105600.0,6160.0,6500.0
343,01JP7Q3FB5C9DK3ZY2FN6JHVKS,14000.0,1775.0,2250.0
344,01JP7Q3FB776BFAAAX99VB8VBV,50400.0,4230.0,5500.0
345,01JP7Q3FB8SJDJFGQEJYV7RQ8W,20000.0,6800.0,6000.0
346,01JP7Q3FBABV8SJQRHWVVR2JQF,50400.0,6660.0,5500.0
347,01JP7Q3FBBYMR0NM2VXV3R6NWK,39200.0,4130.0,4500.0
348,01JP7Q3FBD75RA8VZKXX83WY3F,56000.0,6200.0,6000.0
349,01JP7Q3FBF729BATVSRN2QH8ZB,6000.0,660.0,1750.0
350,01JP7Q3FBH7B2F7Q6JR74VYK1D,61600.0,7150.0,6500.0
351,01JP7Q3FBKKTBQRVMH5DRPP11G,40000.0,4400.0,6000.0
352,01JP7Q3FBN52GSRCT4B17R0XQA,96000.0,6200.0,6000.0
353,01JP7Q3FBQVY2RHPYEVQHQMWFS,44000.0,5170.0,6500.0
354,01JP7Q3FBRV0A47N0WWWAS5ADQ,14000.0,1325.0,2250.0
355,01JP7Q3FBT29XXK1BT20J0FZTZ,61600.0,6160.0,6500.0
356,01JP7Q3FBVPXMHEB2QHXNP711H,39200.0,4130.0,4500.0
357,01JP7Q3FBYV53FGV08FTBS91MQ,18000.0,5580.0,5500.0
358,01JP7Q3FBZGTYCZVSWTW8VFNAT,14000.0,4340.0,4500.0
359,01JP7Q3FC0JT4HHT19W5CY4ESV,14000.0,3500.0,4500.0
360,01JP7Q3FC27Q8CVKF1VYJAWFVW,86400.0,5310.0,5500.0
361,01JP7Q3FC4Q21K3VS3PJ8VCBXK,44000.0,5830.0,6500.0
362,01JP7Q3FC6NV6ATNMTAZVGR43R,10000.0,1775.0,2250.0
363,01JP7Q3FC7BVQHH7ZNG2TNZ6NS,105600.0,6160.0,6500.0
364,01JP7Q3FC969G719ZH1GTBDKWS,22400.0,2720.0,3000.0
365,01JP7Q3FCB2ESQ6XDS6SN104B5,105600.0,6160.0,6500.0
366,01JP7Q3FCD3YYW3905RJXBY0RA,3000.0,795.0,1750.0
367,01JP7Q3FCEB32HDR1GH80HSK70,39200.0,3500.0,4500.0
368,01JP7Q3FCF74JW16GCNZX86CFG,86400.0,6390.0,5500.0
369,01JP7Q3FCH92ZTF7SS7NPZQNQY,20000.0,7400.0,6000.0
370,01JP7Q3FCJDG1FS3CTQS6VM3S9,96000.0,6200.0,6000.0
371,01JP7Q3FCMRKSJS3MYY3YRF8GJ,24000.0,1775.0,2250.0
372,01JP7Q3FCPH7K6K8GV5X0VJ3PV,40000.0,4400.0,6000.0
373,01JP7Q3FCRRWHGR52DD9N83GD6,8400.0,885.0,1750.0
374,01JP7Q3FCS7W9BJPG1SYR61MJA,61600.0,7810.0,6500.0
375,01JP7Q3FCVNGA5WA52MQZ2SC76,105600.0,5170.0,6500.0
376,01JP7Q3FCW1CXG9PNT1C7A5ZB5,39200.0,3290.0,4500.0
377,01JP7Q3FCX4ZA95WABAEC8S320,6000.0,840.0,1750.0
378,01JP7Q3FCZ8M4C6Q2NWVFGWZQ4,56000.0,5900.0,6000.0
379,01JP7Q3FD0FDENCQGZPM6WST6S,56000.0,7100.0,6000.0
380,01JP7Q3FD22E1TMDR416P4THG7,86400.0,5850.0,5500.0
381,01JP7Q3FD4Y4R6A6RGH329QHYT,24000.0,1400.0,2250.0
382,01JP7Q3FD69YMSY5CQZSZ65R0J,56000.0,6200.0,6000.0
383,01JP7Q3FD8DD326H05S2NNXQM1,24000.0,4080.0,4000.0
384,01JP7Q3FD9RZ9WW45YGEFN58G8,61600.0,7150.0,6500.0
385,01JP7Q3FDBKRRZSCHJWMK321G4,39200.0,3920.0,4500.0
386,01JP7Q3FDDXEPC7XZZ2KZXD5WZ,14000.0,1400.0,2250.0
387,01JP7Q3FDENKF6NQFCG4B5FEBX,61600.0,5500.0,6500.0
388,01JP7Q3FDG1ZDVQ2N7RFKD4G3S,24000.0,1625.0,2250.0
389,01JP7Q3FDHYMNKPNXMYA7SNZ0F,28000.0,5180.0,4500.0
390,01JP7Q3FDKEASQ3WGQ6K2QKPFW,36000.0,4230.0,5500.0
391,01JP7Q3FDM64JKQ2SH31VR93PB,61600.0,6490.0,6500.0
392,01JP7Q3FDPC7P6179WVBASB3SM,44000.0,5500.0,6500.0
393,01JP7Q3FDQ0T9VE749ETPRJP2Q,14400.0,1065.0,1750.0
394,01JP7Q3FDR5QQ75X6SKV50MN3B,39200.0,4130.0,4500.0
395,01JP7Q3FDTVJGW81HH5T9X1JQS,61600.0,7150.0,6500.0
396,01JP7Q3FDVEWF5FYSKH0KKA7YV,14400.0,1110.0,1750.0
397,01JP7Q3FDXMMK93MKS32NH78DF,18000.0,6120.0,5500.0
398,01JP7Q3FE0HBHKYN2RDX0HMN74,6000.0,660.0,1750.0
399,01JP7Q3FE10CCZE74HPR9GD12K,40000.0,4400.0,6000.0
400,01JP7Q3FE3NEVYWW7VE22KMC42,22000.0,6160.0,6500.0
401,01JP7Q3FE56TR5C52D0M94H840,3000.0,660.0,1750.0
402,01JP7Q3FE6EMT6FJWBC87YEDC5,115200.0,8880.0,7000.0
403,01JP7Q3FE8CWT8K8C3WDFM4SZR,115200.0,7080.0,7000.0
404,01JP7Q3FE9PY2AJ456P5ZKH1BW,28000.0,4970.0,4500.0
405,01JP7Q3FEB5X2VCE98YJ34AP3A,36000.0,5310.0,5500.0
406,01JP7Q3FEC261JA60909Q2ZK6J,56000.0,7100.0,6000.0
407,01JP7Q3FEEEPWX7VJ1G4G0DNN7,14400.0,930.0,1750.0
408,01JP7Q3FEF1HTP5Y2XMGVMWRSN,28000.0,3080.0,4500.0
409,01JP7Q3FEGTEEYTE4TS276D5SX,8400.0,795.0,1750.0
410,01JP7Q3FEJCD9ZP1DZTGXZSF0A,38400.0,2120.0,3000.0
411,01JP7Q3FEKAVPJDCPBV9RZCYRA,6000.0,705.0,1750.0
412,01JP7Q3FEN1EBPDPVTHSG4S5DN,50400.0,6660.0,5500.0
413,01JP7Q3FEPG7W6620MY2AV8KFX,10000.0,1700.0,2250.0
414,01JP7Q3FER462CPN91BS0VVZK4,8400.0,885.0,1750.0
415,01JP7Q3FESK7BBFY4S1TQVXNRF,96000.0,6800.0,6000.0
416,01JP7Q3FEV2BBMSWY3JDEEBGWG,24000.0,1175.0,2250.0
417,01JP7Q3FEYEYQRD6WB86P0W3ZM,67200.0,5180.0,4500.0
418,01JP7Q3FF1Q0EW7HPM5FPN68RP,39200.0,4550.0,4500.0
419,01JP7Q3FF2BVR94KDQTHD2Y0Y9,50400.0,5040.0,5500.0
420,01JP7Q3FF4E98DBA5EC4ZSYYF5,39200.0,4970.0,4500.0
421,01JP7Q3FF5VE8PJ0JHTYP6A4VB,24000.0,5640.0,7000.0
422,01JP7Q3FF7SRPCS5KRSK0K3PPA,50400.0,6120.0,5500.0
423,01JP7Q3FF929Z94QW37TYE0WN4,39200.0,3290.0,4500.0
424,01JP7Q3FFB12PZHWDYEAY8339B,86400.0,6390.0,5500.0
425,01JP7Q3FFC1G17X7J3ETMWADP7,115200.0,6720.0,7000.0
426,01JP7Q3FFE7GVTH5J2V0FCXWJE,57600.0,3720.0,4000.0
427,01JP7Q3FFG4W14HM4ERBVFENEE,44000.0,5170.0,6500.0
428,01JP7Q3FFH3HTABSWEEX8R2EMT,44000.0,5170.0,6500.0
429,01JP7Q3FFKRCNMYSW705E22CK1,44000.0,6160.0,6500.0
430,01JP7Q3FFNX8QC9EHD12JRGGJN,105600.0,7810.0,6500.0
431,01JP7Q3FFRXCTRXP13DH851M6P,5000.0,1625.0,2250.0
432,01JP7Q3FFV73BKTBF47N10CPJQ,22400.0,2240.0,3000.0
433,01JP7Q3FFX91CHRNT8JZDXW8VH,67200.0,5180.0,4500.0
434,01JP7Q3FG08W3948DC1W6XHJ9B,6000.0,795.0,1750.0
435,01JP7Q3FG1A8M2CZ18NFD3047Y,56000.0,6200.0,6000.0
436,01JP7Q3FG3KZ8W47CXCNTSQA4E,67200.0,7440.0,7000.0
437,01JP7Q3FG5SNFT29A234TTC170,50400.0,5310.0,5500.0
438,01JP7Q3FG7V6QA8KEYJKZA4D4W,24000.0,1625.0,2250.0
439,01JP7Q3FGA4D049XW4VKRPE4ZH,8400.0,1020.0,1750.0
440,01JP7Q3FGCGSWN6A8MBMZGVV7M,22400.0,2960.0,3000.0
441,01JP7Q3FGEPY1FKW3ZY0Q1HSES,24000.0,1100.0,2250.0
442,01JP7Q3FGFNB8KZ1ZDD6RNDF5D,48000.0,7080.0,7000.0
443,01JP7Q3FGHHFDPC0KH9DKG0NQD,5000.0,1325.0,2250.0
444,01JP7Q3FGK5QNJFJ9CX95ZTKP6,105600.0,5830.0,6500.0
445,01JP7Q3FGNHY456C516DQSXHY3,67200.0,3500.0,4500.0
446,01JP7Q3FGQM33WS4WJ19QFBHDF,57600.0,3900.0,4000.0
447,01JP7Q3FGSZYKWRYE115M1CQZ4,105600.0,8140.0,6500.0
448,01JP7Q3FGVE225HYFG3HA1WZRK,40000.0,5600.0,6000.0
449,01JP7Q3FGXZ4GGGN1XAZ8YN3X4,105600.0,8140.0,6500.0
450,01JP7Q3FGY5K8QEJV4YKB9PQAX,20000.0,7400.0,6000.0
451,01JP7Q3FH082BW285RW60AACYP,56000.0,5900.0,6000.0
452,01JP7Q3FH3ZYMZGX4RZWBS6E15,105600.0,5830.0,6500.0
453,01JP7Q3FH5FGSSXRDG7SQH81B3,48000.0,5280.0,7000.0
454,01JP7Q3FH7FGDQM0V05NRG7MM4,48000.0,6000.0,7000.0
455,01JP7Q3FH9KB54Q9QCCH80QZX0,86400.0,5310.0,5500.0
456,01JP7Q3FHA16STABPMQZY2QA1A,14400.0,660.0,1750.0
457,01JP7Q3FHCHKD06W9VKAF8H8VV,61600.0,6490.0,6500.0
458,01JP7Q3FHDPC457BPY3XGX0RZJ,3000.0,975.0,1750.0
459,01JP7Q3FHEHGSW6AE9NM4QTAMN,3000.0,1020.0,1750.0
460,01JP7Q3FHGSZKDDRPTC7R9EKBV,48000.0,6720.0,7000.0
461,01JP7Q3FHHCEBEVX7TM1V3EABH,8000.0,2960.0,3000.0
462,01JP7Q3FHJGR2XQW5GV1K82HAZ,56000.0,4700.0,6000.0
463,01JP7Q3FHMG2F0K9Q44Q18727D,24000.0,1250.0,2250.0
464,01JP7Q3FHNACM6VX3BPVGJV58M,14000.0,1250.0,2250.0
465,01JP7Q3FHPDXY3J8R4YH5NMM3K,61600.0,6490.0,6500.0
466,01JP7Q3FHRMPB15TDYQ1P4DJES,8400.0,1020.0,1750.0
467,01JP7Q3FHSWB7J785J6QQBRVRH,24000.0,7800.0,7000.0
468,01JP7Q3FHT9W4PYHB5K03K1KDT,18000.0,4500.0,5500.0
469,01JP7Q3FHWAGTCDY4QTSFD58W4,56000.0,6200.0,6000.0
470,01JP7Q3FHXPEWR2R4RP1QTM72Q,8400.0,750.0,1750.0
471,01JP7Q3FHY2AJHNHVACHCYY9GQ,8400.0,1020.0,1750.0
472,01JP7Q3FJ0A0Z608Z7V9534M9J,14000.0,1175.0,2250.0
473,01JP7Q3FJ132T0P65BNJ5FRZ39,14400.0,975.0,1750.0
474,01JP7Q3FJ316FQA5A1F44FFP3N,61600.0,6490.0,6500.0
475,01JP7Q3FJ46288FZFFAZNJPWPS,8400.0,705.0,1750.0
476,01JP7Q3FJ5RABQX73NE88Z4ACG,18000.0,3960.0,5500.0
477,01JP7Q3FJ7ZTD4W7JAWS3Q99VC,33600.0,2820.0,4000.0
478,01JP7Q3FJ8NJHX8QH5YA9YPH8T,6000.0,1110.0,1750.0
479,01JP7Q3FJ9YR0T35W8VXJ9RCP1,10000.0,1400.0,2250.0
480,01JP7Q3FJAG40X614DSNXQRM7B,39200.0,5180.0,4500.0
481,01JP7Q3FJCE74ESFM0T26XKK5H,22000.0,4840.0,6500.0
482,01JP7Q3FJDKAEQAT7VGA8ECDKC,61600.0,7150.0,6500.0
483,01JP7Q3FJE90G0C8YRTCA3033Q,16000.0,2480.0,3000.0
484,01JP7Q3FJGBC4CA7HKCX2G4FM3,61600.0,5830.0,6500.0
485,01JP7Q3FJHWQYX4CDANMS4D70M,3000.0,975.0,1750.0
486,01JP7Q3FJJN6WZ0PGSQVDHX4PV,6000.0,1020.0,1750.0
487,01JP7Q3FJMWVPC1RVNJ1TEJ7T4,8400.0,840.0,1750.0
488,01JP7Q3FJN0VV1Y3BSBGHH1JQJ,33600.0,4260.0,4000.0
489,01JP7Q3FJPFWHK136NV2KJN622,61600.0,5500.0,6500.0
490,01JP7Q3FJRBXBM2HTVETZR2K7M,67200.0,5280.0,7000.0
491,01JP7Q3FJS2MAGA4YQ2WHGWEPC,22000.0,6160.0,6500.0
492,01JP7Q3FJV88H00Y8B9AZ8D39K,20000.0,4400.0,6000.0
493,01JP7Q3FJWZ58HS1TB257XBDK3,10000.0,1475.0,2250.0
494,01JP7Q3FJY5ZQRR7YCDJ13WBSN,44000.0,7150.0,6500.0
495,01JP7Q3FJZH4SZWW0HKMD5Q4PM,20000.0,5300.0,6000.0
496,01JP7Q3FK27H2CD261N96NZ8QX,67200.0,4970.0,4500.0
497,01JP7Q3FK3WNS8CA43AAB2GWRT,24000.0,5640.0,7000.0
498,01JP7Q3FK5MXKNGS79SKFYWYCA,39200.0,3710.0,4500.0
499,01JP7Q3FK6GPJDJD5KVQ9DAN3H,61600.0,7810.0,6500.0
500,01JP7Q3FK7MG3PN26MMXG6W16Z,115200.0,7440.0,7000.0
